rank,region_id,name,country,level,continent,mix_alpha,mix_s_pct_production,mix_s_pct_demand,mix_f_adj,solar_cf,wind_cf,feasible
1,338,Nord-Kivu,Democratic Republic of the Congo,admin1,Africa,0.05,0.0005,0.1818,357.925,0.2047,0.0014,True
2,239,Kalimantan Timur,Indonesia,admin1,Asia,0.05,0.001,0.1792,177.3401,0.1989,0.0005,True
3,489,Sulawesi Tengah,Indonesia,admin1,Asia,0.05,0.0015,0.2195,143.8484,0.2258,0.007,True
4,378,Amazonas,Brazil,admin1,South America,0.05,0.0016,0.1917,119.3462,0.2038,0.0002,True
5,493,Gorontalo,Indonesia,admin1,Asia,0.05,0.0021,0.3718,176.7846,0.2302,0.0297,True
6,295,Kalimantan Barat,Indonesia,admin1,Asia,0.05,0.0037,0.3334,91.1313,0.2047,0.0009,True
7,283,Sud-Kivu,Democratic Republic of the Congo,admin1,Africa,0.05,0.0037,0.2939,79.0197,0.2049,0.0141,True
8,232,Clipperton Island,Clipperton Island,admin0,Seven seas (open ocean),0.05,0.0043,0.2523,58.4639,0.2536,0.1022,True
9,488,Papua Barat,Indonesia,admin1,Asia,0.05,0.0073,0.4295,59.0971,0.2142,0.0152,True
10,133,Gabon,Gabon,admin0,Africa,0.05,0.009,0.4385,48.8787,0.1868,0.0007,True
11,494,Sulawesi Utara,Indonesia,admin1,Asia,0.05,0.0208,0.7223,34.7782,0.2343,0.0312,True
12,226,Palau,Palau,admin0,Oceania,0.05,0.0316,0.8602,27.1799,0.2285,0.1942,True
13,245,Arunachal Pradesh,India,admin1,Asia,0.05,0.0422,1.3245,31.4022,0.1713,0.0265,True
14,337,Mizoram,India,admin1,Asia,0.05,0.0493,1.3853,28.1178,0.2041,0.0091,False
15,219,Nauru,Nauru,admin0,Oceania,0.05,0.0774,1.7239,22.276,0.2215,0.2346,False
16,119,US Naval Base Guantanamo Bay,US Naval Base Guantanamo Bay,admin0,North America,0.1,0.2541,2.5302,9.9593,0.2159,0.1096,True
17,490,Maluku Utara,Indonesia,admin1,Asia,0.2,0.3989,2.2725,5.6971,0.2348,0.0885,False
18,446,White Nile,Sudan,admin1,Africa,0.25,0.754,3.1164,4.133,0.2586,0.2756,True
19,228,Northern Mariana Islands,Northern Mariana Islands,admin0,Oceania,0.5,0.762,2.0089,2.6365,0.2036,0.2242,True
20,227,Guam,Guam,admin0,Oceania,0.5,0.762,2.0089,2.6365,0.2036,0.2242,True
21,504,Kalimantan Selatan,Indonesia,admin1,Asia,0.5,0.7788,2.0406,2.6202,0.1991,0.0149,True
22,122,Ecuador,Ecuador,admin0,South America,0.3,0.9329,3.8035,4.077,0.1839,0.0121,True
23,637,Chongqing,China,admin1,Asia,0.1,1.1086,9.3312,8.4173,0.122,0.0314,True
24,495,Sulawesi Barat,Indonesia,admin1,Asia,0.4,1.1685,3.3319,2.8514,0.2428,0.0167,True
25,304,Santa Catarina,Brazil,admin1,South America,0.1,1.2219,8.2918,6.7859,0.1843,0.0822,True
26,673,Tiaret,Algeria,admin1,Africa,0.0,1.5644,10.9932,7.0269,0.2013,0.2137,True
27,498,Lampung,Indonesia,admin1,Asia,0.55,1.7229,3.712,2.1545,0.201,0.0286,True
28,27,Bhutan,Bhutan,admin0,Asia,0.4,1.8284,4.4338,2.425,0.1875,0.0969,True
29,263,Gorno-Altay,Russia,admin1,Europe,0.05,1.9666,9.6708,4.9175,0.1451,0.0964,True
30,235,Bajo Nuevo Bank (Petrel Is.),Bajo Nuevo Bank (Petrel Is.),admin0,North America,0.3,2.1348,7.1365,3.3429,0.236,0.1264,True
31,18,Suriname,Suriname,admin0,South America,0.7,2.1471,3.5595,1.6578,0.2271,0.0089,True
32,200,São Tomé and Principe,São Tomé and Principe,admin0,Africa,1.0,2.1491,3.2157,1.4963,0.2047,0.3131,True
33,346,British Columbia,Canada,admin1,North America,0.0,2.2482,11.3635,5.0546,0.1319,0.093,True
34,231,Spratly Islands,Spratly Islands,admin0,Asia,0.45,2.275,5.7834,2.5421,0.2183,0.1576,True
35,59,Kyrgyzstan,Kyrgyzstan,admin0,Asia,0.0,2.3257,11.4465,4.9217,0.1793,0.1428,True
36,485,Banten,Indonesia,admin1,Asia,0.9,2.3486,3.2202,1.3711,0.2058,0.1082,True
37,667,Saïda,Algeria,admin1,Africa,0.0,2.3604,14.6085,6.1889,0.2037,0.2158,True
38,479,Maluku,Indonesia,admin1,Asia,0.7,2.4086,3.7612,1.5616,0.2251,0.1334,True
39,26,Republic of the Congo,Republic of the Congo,admin0,Africa,0.65,2.4493,4.3608,1.7804,0.1971,0.0014,True
40,73,Liberia,Liberia,admin0,Africa,0.45,2.5165,5.9016,2.3452,0.2079,0.0066,True
41,111,Rwanda,Rwanda,admin0,Africa,0.65,2.6043,4.7266,1.8149,0.2048,0.0622,True
42,220,Federated States of Micronesia,Federated States of Micronesia,admin0,Oceania,1.0,2.6458,3.8832,1.4677,0.2198,0.3154,True
43,376,Tabasco,Mexico,admin1,North America,0.2,2.6647,10.6571,3.9993,0.2213,0.065,True
44,606,Prince Edward Island,Canada,admin1,North America,0.25,2.7054,3.7096,1.3712,0.1447,0.5357,True
45,19,Guyana,Guyana,admin0,South America,0.85,2.713,4.0052,1.4763,0.2224,0.013,True
46,626,Gezira,Sudan,admin1,Africa,0.5,2.7737,5.9617,2.1494,0.2642,0.2764,True
47,503,Kalimantan Tengah,Indonesia,admin1,Asia,0.8,2.8953,4.4542,1.5384,0.2021,0.0008,True
48,160,New Caledonia,New Caledonia,admin0,Oceania,0.25,2.897,6.9943,2.4143,0.2361,0.2626,True
49,147,Equatorial Guinea,Equatorial Guinea,admin0,Africa,0.75,2.9215,4.505,1.542,0.1911,0.004,True
50,208,Indian Ocean Territories,Indian Ocean Territories,admin0,Asia,0.8,2.9475,4.3729,1.4836,0.2302,0.3759,True
51,9,Ethiopia,Ethiopia,admin0,Africa,0.8,3.1201,4.3104,1.3815,0.2523,0.1283,True
52,210,Singapore,Singapore,admin0,Asia,0.5,3.1513,6.2244,1.9752,0.1775,0.1108,True
53,484,Jakarta Raya,Indonesia,admin1,Asia,0.85,3.2424,4.6013,1.4191,0.2035,0.2277,True
54,423,Northern,Sudan,admin1,Africa,0.15,3.2718,5.4882,1.6774,0.2747,0.3862,True
55,168,Taiwan,Taiwan,admin0,Asia,0.25,3.3086,7.3891,2.2333,0.184,0.2362,True
56,627,Khartoum,Sudan,admin1,Africa,0.45,3.3368,6.8491,2.0526,0.2664,0.3431,False
57,0,Malaysia,Malaysia,admin0,Asia,0.65,3.3564,6.5194,1.9424,0.2024,0.001,True
58,209,British Indian Ocean Territory,British Indian Ocean Territory,admin0,Seven seas (open ocean),0.95,3.3681,4.5736,1.3579,0.2317,0.3175,True
59,500,Sumatera Barat,Indonesia,admin1,Asia,0.65,3.3795,5.8016,1.7167,0.2006,0.0085,True
60,444,Alaska,United States of America,admin1,North America,0.1,3.4325,5.5748,1.6241,0.1058,0.224,True
61,659,Sétif,Algeria,admin1,Africa,0.1,3.4496,12.8883,3.7362,0.1962,0.1344,True
62,524,Hainan,China,admin1,Asia,0.45,3.4612,5.3767,1.5534,0.1868,0.1218,True
63,217,Tuvalu,Tuvalu,admin0,Oceania,0.8,3.4683,4.9624,1.4308,0.2109,0.3646,True
64,206,Aland,Aland,admin0,Europe,0.15,3.4877,4.3634,1.2511,0.1215,0.6737,True
65,183,Dominica,Dominica,admin0,North America,0.15,3.5253,7.996,2.2682,0.2613,0.6016,True
66,89,Angola,Angola,admin0,Africa,1.0,3.5908,4.4741,1.246,0.2388,0.0394,True
67,472,Northern Territory,Australia,admin1,Oceania,0.35,3.6131,5.1786,1.4333,0.2508,0.3456,True
68,487,Sulawesi Tenggara,Indonesia,admin1,Asia,0.65,3.7007,6.454,1.744,0.2267,0.0419,True
69,291,Sikkim,India,admin1,Asia,0.6,3.7041,6.6163,1.7862,0.1891,0.158,True
70,159,New Zealand,New Zealand,admin0,Oceania,0.0,3.7224,13.2128,3.5495,0.1573,0.2595,True
71,559,Al Jabal al Akhdar,Libya,admin1,Africa,0.15,3.7631,9.7773,2.5982,0.2231,0.3305,True
72,729,Querétaro,Mexico,admin1,North America,0.2,3.7767,7.3404,1.9436,0.2435,0.1199,True
73,649,Distrito Federal,Brazil,admin1,South America,0.75,3.7824,5.2787,1.3956,0.2305,0.0669,True
74,164,Curaçao,Curaçao,admin0,North America,1.0,3.7897,5.1638,1.3626,0.2397,0.2914,True
75,158,Fiji,Fiji,admin0,Oceania,0.35,3.8001,8.7683,2.3074,0.2206,0.2427,True
76,275,Roraima,Brazil,admin1,South America,1.0,3.8062,5.0238,1.3199,0.2192,0.014,True
77,5,Cyprus,Cyprus,admin0,Asia,0.15,3.8105,8.4647,2.2214,0.2255,0.2,True
78,634,Kasaï-Oriental,Democratic Republic of the Congo,admin1,Africa,1.0,3.8172,4.7982,1.257,0.2065,0.0048,True
79,602,Macquarie Island,Australia,admin1,Oceania,0.1,3.8185,4.0885,1.0707,0.1223,0.8957,True
80,196,Heard Island and McDonald Islands,Heard Island and McDonald Islands,admin0,Seven seas (open ocean),0.05,3.8312,4.6085,1.2029,0.1194,0.9036,True
81,190,Puerto Rico,Puerto Rico,admin0,North America,0.5,3.8367,7.5246,1.9612,0.2382,0.1977,True
82,453,Jammu and Kashmir,India,admin1,Asia,0.3,3.8582,10.0703,2.6101,0.2077,0.1123,True
83,12,Kenya,Kenya,admin0,Africa,0.9,3.8721,5.0186,1.2961,0.2529,0.2929,True
84,107,Monaco,Monaco,admin0,Europe,0.0,3.9298,11.7108,2.98,0.186,0.1513,True
85,75,Djibouti,Djibouti,admin0,Africa,0.95,3.9557,5.0,1.264,0.2691,0.3415,True
86,486,Yogyakarta,Indonesia,admin1,Asia,0.9,3.9618,5.3976,1.3624,0.2144,0.1747,True
87,174,French Southern and Antarctic Lands,French Southern and Antarctic Lands,admin0,Seven seas (open ocean),0.05,4.0,4.8504,1.2126,0.1109,0.9128,True
88,492,Riau,Indonesia,admin1,Asia,0.95,4.0522,5.34,1.3178,0.1876,0.0014,True
89,601,Kamchatka,Russia,admin1,Europe,0.15,4.0523,8.3028,2.0489,0.1117,0.2038,True
90,82,Liechtenstein,Liechtenstein,admin0,Europe,0.3,4.0785,7.4572,1.8284,0.1359,0.1149,True
91,177,Marshall Islands,Marshall Islands,admin0,Oceania,0.95,4.0921,5.6499,1.3807,0.2215,0.3374,True
92,249,Bas-Congo,Democratic Republic of the Congo,admin1,Africa,0.95,4.1002,5.1581,1.258,0.1912,0.0215,True
93,103,El Salvador,El Salvador,admin0,North America,1.0,4.1014,5.2362,1.2767,0.2473,0.0726,True
94,223,Vanuatu,Vanuatu,admin0,Oceania,0.45,4.11,7.1633,1.7429,0.2328,0.4345,True
95,221,South Georgia and the Islands,South Georgia and the Islands,admin0,Seven seas (open ocean),0.05,4.1204,6.9487,1.6864,0.0942,0.6891,True
96,635,Maniema,Democratic Republic of the Congo,admin1,Africa,1.0,4.1604,5.2633,1.2651,0.2031,0.0005,True
97,264,Pskov,Russia,admin1,Europe,0.2,4.1673,5.6283,1.3506,0.1171,0.2673,True
98,188,United States Virgin Islands,United States Virgin Islands,admin0,North America,0.4,4.1987,9.2074,2.1929,0.2398,0.2398,True
99,247,Bandundu,Democratic Republic of the Congo,admin1,Africa,1.0,4.1994,5.2875,1.2591,0.2083,0.0032,True
100,170,Saint Pierre and Miquelon,Saint Pierre and Miquelon,admin0,North America,0.25,4.2583,5.3012,1.2449,0.1283,0.5763,True
101,512,Skikda,Algeria,admin1,Africa,0.2,4.2628,8.821,2.0693,0.1906,0.176,True
102,25,Nicaragua,Nicaragua,admin0,North America,1.0,4.2736,5.6181,1.3146,0.2126,0.1226,True
103,224,Niue,Niue,admin0,Oceania,0.9,4.2849,5.5018,1.284,0.2419,0.6045,True
104,225,American Samoa,American Samoa,admin0,Oceania,0.9,4.2849,5.5018,1.284,0.2419,0.6045,True
105,481,Sulawesi Selatan,Indonesia,admin1,Asia,0.75,4.2887,6.7895,1.5831,0.2241,0.0143,True
106,153,Siachen Glacier,Siachen Glacier,admin0,Asia,0.2,4.3469,13.787,3.1717,0.191,0.2086,True
107,145,Yemen,Yemen,admin0,Asia,0.95,4.3642,5.3579,1.2277,0.2744,0.2637,True
108,390,Papua,Indonesia,admin1,Asia,1.0,4.3659,6.179,1.4153,0.208,0.0034,True
109,216,Solomon Islands,Solomon Islands,admin0,Oceania,0.9,4.3718,6.2538,1.4305,0.2138,0.2133,True
110,16,Somaliland,Somaliland,admin0,Africa,1.0,4.4174,5.4975,1.2445,0.2663,0.4061,True
111,501,Sumatera Utara,Indonesia,admin1,Asia,0.8,4.4236,6.5341,1.4771,0.1919,0.0021,True
112,305,Kaliningrad,Russia,admin1,Europe,0.25,4.4366,5.7104,1.2871,0.1159,0.3715,True
113,248,Kinshasa City,Democratic Republic of the Congo,admin1,Africa,0.95,4.4378,5.6045,1.2629,0.1999,0.0305,True
114,411,Astrakhan',Russia,admin1,Europe,0.15,4.4497,5.7686,1.2964,0.1546,0.4516,True
115,173,French Polynesia,French Polynesia,admin0,Oceania,0.4,4.4498,5.4688,1.229,0.2652,0.6861,True
116,483,Jawa Barat,Indonesia,admin1,Asia,0.95,4.4817,6.1005,1.3612,0.2055,0.0577,True
117,435,Kasaï-Occidental,Democratic Republic of the Congo,admin1,Africa,1.0,4.4919,5.6347,1.2544,0.2079,0.0057,True
118,68,United Kingdom,United Kingdom,admin0,Europe,0.3,4.5159,5.7795,1.2798,0.1072,0.4398,True
119,81,Netherlands,Netherlands,admin0,Europe,0.25,4.5161,5.8308,1.2911,0.118,0.4188,True
120,299,Misiones,Argentina,admin1,South America,0.35,4.542,10.521,2.3164,0.2017,0.0795,True
121,277,Acre,Brazil,admin1,South America,1.0,4.5432,5.8248,1.2821,0.2012,0.0026,True
122,195,Bermuda,Bermuda,admin0,North America,0.3,4.5448,5.8623,1.2899,0.1664,0.5926,True
123,379,Rondônia,Brazil,admin1,South America,1.0,4.5466,5.8506,1.2868,0.2115,0.0032,True
124,3,Peru,Peru,admin0,South America,0.9,4.5608,6.0212,1.3202,0.21,0.0239,True
125,651,Tocantins,Brazil,admin1,South America,1.0,4.594,5.7816,1.2585,0.2308,0.0359,True
126,139,Gibraltar,Gibraltar,admin0,Europe,0.0,4.6158,11.5163,2.495,0.2079,0.272,True
127,246,Équateur,Democratic Republic of the Congo,admin1,Africa,1.0,4.6204,5.8651,1.2694,0.2108,0.0006,True
128,178,Trinidad and Tobago,Trinidad and Tobago,admin0,North America,1.0,4.6216,6.3395,1.3717,0.2449,0.3506,True
129,76,Eritrea,Eritrea,admin0,Africa,0.85,4.6308,5.9158,1.2775,0.2585,0.2102,True
130,598,Tasmania,Australia,admin1,Oceania,0.0,4.6572,12.5494,2.6946,0.1586,0.2909,True
131,184,United States Minor Outlying Islands,United States Minor Outlying Islands,admin0,North America,0.75,4.6735,6.6598,1.425,0.2845,0.2124,True
132,553,Zhejiang,China,admin1,Asia,0.3,4.6769,9.6513,2.0636,0.1488,0.0737,True
133,142,Venezuela,Venezuela,admin0,South America,0.95,4.715,6.1521,1.3048,0.2263,0.0228,True
134,42,Latvia,Latvia,admin0,Europe,0.2,4.7262,6.6743,1.4122,0.1211,0.3117,True
135,143,Papua New Guinea,Papua New Guinea,admin0,Oceania,1.0,4.7263,6.5318,1.382,0.2101,0.0091,True
136,471,Western Australia,Australia,admin1,Oceania,0.0,4.7347,6.8374,1.4441,0.2416,0.4382,True
137,380,Mato Grosso,Brazil,admin1,South America,1.0,4.7386,5.9034,1.2458,0.2216,0.0079,True
138,11,Somalia,Somalia,admin0,Africa,0.9,4.7406,6.0755,1.2816,0.2594,0.545,True
139,205,Isle of Man,Isle of Man,admin0,Europe,0.3,4.7529,6.5718,1.3827,0.1091,0.6881,True
140,179,Grenada,Grenada,admin0,North America,1.0,4.7578,6.4801,1.362,0.2448,0.2877,True
141,502,Aceh,Indonesia,admin1,Asia,0.95,4.7723,6.5022,1.3625,0.2056,0.0097,True
142,58,Laos,Laos,admin0,Asia,1.0,4.7828,6.2827,1.3136,0.1959,0.0095,True
143,648,Goiás,Brazil,admin1,South America,1.0,4.7882,5.911,1.2345,0.2314,0.0377,True
144,106,Brunei,Brunei,admin0,Asia,0.95,4.7883,6.3881,1.3341,0.2142,0.0223,True
145,293,Assam,India,admin1,Asia,0.95,4.7945,6.3451,1.3234,0.1909,0.0072,True
146,276,Pará,Brazil,admin1,South America,0.8,4.8071,7.3525,1.5295,0.2175,0.0027,True
147,491,Kepulauan Riau,Indonesia,admin1,Asia,1.0,4.8172,6.904,1.4332,0.1975,0.2467,True
148,61,Denmark,Denmark,admin0,Europe,0.2,4.8284,6.3691,1.3191,0.1181,0.4741,True
149,351,North Dakota,United States of America,admin1,North America,0.15,4.8506,6.0652,1.2504,0.1561,0.4085,True
150,14,United Republic of Tanzania,United Republic of Tanzania,admin0,Africa,1.0,4.8514,6.1191,1.2613,0.2412,0.0761,True
151,668,Sidi Bel Abbès,Algeria,admin1,Africa,0.15,4.853,15.0802,3.1074,0.2017,0.1957,True
152,69,Greece,Greece,admin0,Europe,0.0,4.8582,11.4023,2.347,0.1862,0.1678,True
153,215,Samoa,Samoa,admin0,Oceania,0.65,4.8649,5.8101,1.1943,0.2399,0.6114,True
154,121,Honduras,Honduras,admin0,North America,0.95,4.8742,6.5616,1.3462,0.218,0.0452,True
155,604,Bangka-Belitung,Indonesia,admin1,Asia,0.75,4.8874,7.6889,1.5732,0.1986,0.102,True
156,466,Bahia,Brazil,admin1,South America,1.0,4.9067,6.2187,1.2674,0.2404,0.1707,True
157,172,Pitcairn Islands,Pitcairn Islands,admin0,Oceania,0.55,4.909,5.7038,1.1619,0.2846,0.7701,True
158,350,Saskatchewan,Canada,admin1,North America,0.15,4.9236,6.6011,1.3407,0.1368,0.291,True
159,155,Akrotiri Sovereign Base Area,Akrotiri Sovereign Base Area,admin0,Asia,0.3,4.9342,12.1535,2.4631,0.2298,0.1684,True
160,165,Aruba,Aruba,admin0,North America,0.9,4.9446,6.1699,1.2478,0.2739,0.8667,True
161,198,Mauritius,Mauritius,admin0,Seven seas (open ocean),0.55,4.9681,6.8912,1.3871,0.2621,0.4917,True
162,670,Ghardaïa,Algeria,admin1,Africa,0.0,4.995,8.93,1.7878,0.2363,0.3554,True
163,459,Piauí,Brazil,admin1,South America,1.0,5.0317,6.2635,1.2448,0.2459,0.1665,True
164,162,Philippines,Philippines,admin0,Asia,0.9,5.0799,6.7867,1.336,0.211,0.0845,True
165,123,Colombia,Colombia,admin0,South America,1.0,5.0839,6.5109,1.2807,0.2026,0.0028,True
166,482,Jawa Tengah,Indonesia,admin1,Asia,1.0,5.0903,6.6459,1.3056,0.2112,0.0584,True
167,110,Burundi,Burundi,admin0,Africa,0.95,5.0972,6.6116,1.2971,0.2086,0.0716,True
168,478,Jawa Timur,Indonesia,admin1,Asia,0.95,5.1202,6.7223,1.3129,0.2245,0.08,True
169,448,Guangdong,China,admin1,Asia,0.5,5.1441,7.5192,1.4617,0.1564,0.0753,True
170,574,Karnataka,India,admin1,Asia,0.8,5.1521,6.9569,1.3503,0.2299,0.1967,True
171,592,Qeqqata Kommunia,Greenland,admin1,North America,0.15,5.1612,6.3498,1.2303,0.1179,0.4483,True
172,461,Rio Grande do Norte,Brazil,admin1,South America,0.95,5.1662,6.7331,1.3033,0.2545,0.4713,True
173,424,River Nile,Sudan,admin1,Africa,0.55,5.1685,8.5436,1.653,0.262,0.3184,True
174,677,Guelma,Algeria,admin1,Africa,0.3,5.2064,8.2714,1.5887,0.1915,0.1595,True
175,497,Sumatera Selatan,Indonesia,admin1,Asia,0.9,5.2436,7.4386,1.4186,0.1987,0.0053,True
176,513,Jijel,Algeria,admin1,Africa,0.25,5.2525,12.8118,2.4392,0.1916,0.1346,True
177,596,Kalmyk,Russia,admin1,Europe,0.15,5.2597,7.2442,1.3773,0.1524,0.4288,True
178,135,Burkina Faso,Burkina Faso,admin0,Africa,0.9,5.2935,6.7349,1.2723,0.243,0.149,True
179,104,Guatemala,Guatemala,admin0,North America,1.0,5.2983,6.7421,1.2725,0.222,0.0241,True
180,180,Saint Vincent and the Grenadines,Saint Vincent and the Grenadines,admin0,North America,0.65,5.2999,6.7171,1.2674,0.2498,0.7049,True
181,181,Barbados,Barbados,admin0,North America,0.65,5.2999,6.7171,1.2674,0.2498,0.7049,True
182,182,Saint Lucia,Saint Lucia,admin0,North America,0.65,5.2999,6.7171,1.2674,0.2498,0.7049,True
183,187,Saint Kitts and Nevis,Saint Kitts and Nevis,admin0,North America,1.0,5.3195,7.1818,1.3501,0.2582,0.526,True
184,185,Montserrat,Montserrat,admin0,North America,1.0,5.3195,7.1818,1.3501,0.2582,0.526,True
185,218,Maldives,Maldives,admin0,Seven seas (open ocean),0.9,5.3225,6.6047,1.2409,0.2249,0.5768,True
186,136,Togo,Togo,admin0,Africa,0.85,5.3264,7.2397,1.3592,0.2251,0.0318,True
187,211,Norfolk Island,Norfolk Island,admin0,Oceania,0.65,5.3616,7.006,1.3067,0.2429,0.5789,True
188,108,Mozambique,Mozambique,admin0,Africa,1.0,5.374,7.0964,1.3205,0.2361,0.0815,True
189,416,Najran,Saudi Arabia,admin1,Asia,0.8,5.3847,6.5769,1.2214,0.2739,0.2993,True
190,499,Bengkulu,Indonesia,admin1,Asia,0.85,5.4037,7.3852,1.3667,0.2116,0.0108,True
191,342,Guangxi,China,admin1,Asia,0.55,5.4191,7.552,1.3936,0.1436,0.0713,True
192,761,Wisconsin,United States of America,admin1,North America,0.25,5.4279,6.8587,1.2636,0.1572,0.3126,True
193,67,Ireland,Ireland,admin0,Europe,0.2,5.4339,7.6237,1.403,0.1054,0.4546,True
194,282,Orientale,Democratic Republic of the Congo,admin1,Africa,1.0,5.439,6.8939,1.2675,0.2172,0.0009,True
195,150,Vatican,Vatican,admin0,Europe,0.2,5.4455,8.4753,1.5564,0.1954,0.2577,True
196,590,Qaasuitsup Kommunia,Greenland,admin1,North America,0.15,5.4517,6.5949,1.2097,0.1092,0.5727,True
197,120,Cuba,Cuba,admin0,North America,0.6,5.4572,8.1018,1.4846,0.2288,0.1474,True
198,600,Hawaii,United States of America,admin1,North America,0.9,5.4614,7.5903,1.3898,0.2631,0.288,True
199,137,Ghana,Ghana,admin0,Africa,0.95,5.4677,6.9822,1.277,0.2204,0.0366,True
200,46,Vietnam,Vietnam,admin0,Asia,0.55,5.4747,8.6013,1.5711,0.1895,0.0492,True
201,595,Andaman and Nicobar,India,admin1,Asia,0.85,5.4804,7.3668,1.3442,0.2211,0.4666,True
202,141,Panama,Panama,admin0,North America,1.0,5.4891,7.2955,1.3291,0.1915,0.0582,True
203,355,Michigan,United States of America,admin1,North America,0.3,5.4999,6.9832,1.2697,0.1572,0.3383,True
204,496,Jambi,Indonesia,admin1,Asia,0.95,5.5152,7.3688,1.3361,0.1896,0.0011,True
205,294,Nusa Tenggara Timur,Indonesia,admin1,Asia,0.9,5.5156,7.3291,1.3288,0.2489,0.1356,True
206,582,Nenets,Russia,admin1,Europe,0.05,5.5406,6.8421,1.2349,0.0945,0.5089,True
207,409,West Kazakhstan,Kazakhstan,admin1,Asia,0.15,5.5477,7.171,1.2926,0.149,0.4424,True
208,468,Rio de Janeiro,Brazil,admin1,South America,0.65,5.5579,8.8365,1.5899,0.1963,0.0627,True
209,661,Bouira,Algeria,admin1,Africa,0.1,5.5691,13.0205,2.338,0.1969,0.1422,True
210,628,North Kordufan,Sudan,admin1,Africa,1.0,5.5784,6.9356,1.2433,0.2699,0.387,True
211,679,Mila,Algeria,admin1,Africa,0.2,5.5873,14.6834,2.628,0.1925,0.1259,True
212,41,Estonia,Estonia,admin0,Europe,0.2,5.5895,7.4631,1.3352,0.1179,0.3126,True
213,511,Annaba,Algeria,admin1,Africa,0.25,5.5967,9.2771,1.6576,0.1926,0.2223,True
214,605,Paracel Islands,China,admin1,Asia,0.75,5.6226,7.6338,1.3577,0.1897,0.2628,True
215,222,Falkland Islands,Falkland Islands,admin0,South America,0.0,5.6349,7.1343,1.2661,0.1363,0.7459,True
216,711,Mariy-El,Russia,admin1,Europe,0.2,5.6353,8.2473,1.4635,0.1224,0.2178,True
217,20,South Korea,South Korea,admin0,Asia,0.3,5.6538,10.0632,1.7799,0.1655,0.1742,True
218,558,Al Qubbah,Libya,admin1,Africa,0.05,5.6548,13.8259,2.445,0.2346,0.3426,True
219,28,Ukraine,Ukraine,admin0,Europe,0.35,5.6615,7.1222,1.258,0.1352,0.3036,True
220,599,Bali,Indonesia,admin1,Asia,0.95,5.6666,7.6607,1.3519,0.2206,0.109,True
221,418,Jizan,Saudi Arabia,admin1,Asia,0.7,5.6819,7.191,1.2656,0.259,0.2182,True
222,457,Buenos Aires,Argentina,admin1,South America,0.15,5.6909,6.7044,1.1781,0.1958,0.3782,True
223,101,Chad,Chad,admin0,Africa,1.0,5.695,7.0584,1.2394,0.2646,0.2922,True
224,341,Sennar,Sudan,admin1,Africa,1.0,5.698,7.1499,1.2548,0.2595,0.1884,True
225,391,Mangghystau,Kazakhstan,admin1,Asia,0.0,5.7106,7.8287,1.3709,0.164,0.4864,True
226,458,Maranhão,Brazil,admin1,South America,1.0,5.7235,7.1744,1.2535,0.2257,0.0422,True
227,392,Qyzylorda,Kazakhstan,admin1,Asia,0.1,5.7449,8.0526,1.4017,0.1715,0.4607,True
228,476,Jervis Bay Territory,Australia,admin1,Oceania,0.0,5.7533,9.4671,1.6455,0.18,0.3417,True
229,237,Scarborough Reef,Scarborough Reef,admin0,Asia,0.5,5.7563,7.8597,1.3654,0.2283,0.2477,True
230,737,Tlaxcala,Mexico,admin1,North America,0.75,5.7564,7.3359,1.2744,0.238,0.0983,True
231,212,Cook Islands,Cook Islands,admin0,Oceania,0.85,5.7681,7.5937,1.3165,0.2448,0.5654,True
232,176,Kiribati,Kiribati,admin0,Oceania,0.85,5.7681,7.5937,1.3165,0.2448,0.5654,True
233,167,Turks and Caicos Islands,Turks and Caicos Islands,admin0,North America,0.45,5.7745,7.0339,1.2181,0.2554,0.6809,True
234,480,Nusa Tenggara Barat,Indonesia,admin1,Asia,1.0,5.7959,7.4877,1.2919,0.2289,0.1192,True
235,554,Shanghai,China,admin1,Asia,0.25,5.8021,7.4946,1.2917,0.1551,0.3131,True
236,387,Río Negro,Argentina,admin1,South America,0.0,5.8227,8.7842,1.5086,0.2023,0.515,True
237,552,Oaxaca,Mexico,admin1,North America,0.6,5.8228,9.0131,1.5479,0.2352,0.0727,True
238,284,Katanga,Democratic Republic of the Congo,admin1,Africa,1.0,5.824,7.301,1.2536,0.2282,0.0404,True
239,583,Northwest Territories,Canada,admin1,North America,0.0,5.8339,8.9539,1.5348,0.1098,0.2437,True
240,370,Texas,United States of America,admin1,North America,0.3,5.8411,7.934,1.3583,0.2075,0.3598,True
241,308,Kursk,Russia,admin1,Europe,0.3,5.8422,8.5185,1.4581,0.1299,0.2513,True
242,151,Northern Cyprus,Northern Cyprus,admin0,Asia,0.5,5.8469,8.516,1.4565,0.2186,0.2498,True
243,632,Al Bahah,Saudi Arabia,admin1,Asia,0.4,5.8558,8.5056,1.4525,0.2516,0.2017,True
244,462,Paraíba,Brazil,admin1,South America,0.85,5.8611,7.5778,1.2929,0.2536,0.3493,True
245,340,Blue Nile,Sudan,admin1,Africa,0.95,5.8655,7.621,1.2993,0.249,0.0851,True
246,560,Al Marj,Libya,admin1,Africa,0.05,5.8709,14.0662,2.3959,0.2277,0.3417,True
247,163,Sri Lanka,Sri Lanka,admin0,Asia,1.0,5.8718,7.5705,1.2893,0.2318,0.2245,True
248,13,Malawi,Malawi,admin0,Africa,1.0,5.8825,7.6973,1.3085,0.2429,0.0896,True
249,339,Gedarif,Sudan,admin1,Africa,1.0,5.8988,7.3187,1.2407,0.2641,0.2577,True
250,650,Minas Gerais,Brazil,admin1,South America,0.95,5.9102,7.4161,1.2548,0.2247,0.045,True
251,83,Ivory Coast,Ivory Coast,admin0,Africa,0.95,5.9448,7.61,1.2801,0.2178,0.0179,True
252,413,Atyrau,Kazakhstan,admin1,Asia,0.1,5.9491,8.2133,1.3806,0.1597,0.4813,True
253,426,El Tarf,Algeria,admin1,Africa,0.4,5.9536,8.1505,1.369,0.1901,0.2566,True
254,699,Yaroslavl',Russia,admin1,Europe,0.2,5.9564,7.1578,1.2017,0.1172,0.297,True
255,328,Primor'ye,Russia,admin1,Europe,0.25,5.9586,10.4513,1.754,0.1535,0.1796,True
256,199,Comoros,Comoros,admin0,Africa,0.9,5.9602,7.4968,1.2578,0.2506,0.374,True
257,175,Seychelles,Seychelles,admin0,Seven seas (open ocean),0.9,5.9602,7.4968,1.2578,0.2506,0.374,True
258,24,Costa Rica,Costa Rica,admin0,North America,1.0,5.9894,7.6065,1.27,0.2125,0.0811,True
259,709,Moskovskaya,Russia,admin1,Europe,0.25,5.9925,7.7076,1.2862,0.1209,0.2567,True
260,213,Tonga,Tonga,admin0,Oceania,0.75,6.0121,7.375,1.2267,0.2456,0.6006,True
261,214,Wallis and Futuna,Wallis and Futuna,admin0,Oceania,0.75,6.0121,7.375,1.2267,0.2456,0.6006,True
262,589,Nationalparken,Greenland,admin1,North America,0.15,6.0224,7.1528,1.1877,0.1079,0.5029,True
263,577,Tamil Nadu,India,admin1,Asia,0.8,6.0314,7.8866,1.3076,0.2277,0.2027,True
264,580,Chukchi Autonomous Okrug,Russia,admin1,Europe,0.05,6.037,12.522,2.0742,0.102,0.2302,True
265,186,Antigua and Barbuda,Antigua and Barbuda,admin0,North America,0.8,6.0426,7.3115,1.21,0.2564,0.6734,True
266,189,Saint Barthelemy,Saint Barthelemy,admin0,North America,0.8,6.0426,7.3115,1.21,0.2564,0.6734,True
267,191,Anguilla,Anguilla,admin0,North America,0.8,6.0426,7.3115,1.21,0.2564,0.6734,True
268,32,Saint Martin,Saint Martin,admin0,North America,0.8,6.0426,7.3115,1.21,0.2564,0.6734,True
269,33,Sint Maarten,Sint Maarten,admin0,North America,0.8,6.0426,7.3115,1.21,0.2564,0.6734,True
270,463,Pernambuco,Brazil,admin1,South America,0.85,6.0546,7.7553,1.2809,0.2458,0.3165,True
271,534,Alabama,United States of America,admin1,North America,0.5,6.0744,8.5363,1.4053,0.1911,0.1597,True
272,687,Tambov,Russia,admin1,Europe,0.35,6.0746,7.9067,1.3016,0.1295,0.3062,True
273,2,Bolivia,Bolivia,admin0,South America,0.95,6.1092,7.5809,1.2409,0.2212,0.0668,True
274,705,Chuvash,Russia,admin1,Europe,0.25,6.1093,8.3911,1.3735,0.1246,0.2602,True
275,166,The Bahamas,The Bahamas,admin0,North America,0.3,6.1096,7.6608,1.2539,0.2343,0.5903,True
276,193,Jamaica,Jamaica,admin0,North America,0.95,6.1101,8.2328,1.3474,0.2412,0.1821,True
277,621,Iowa,United States of America,admin1,North America,0.35,6.1213,7.2488,1.1842,0.1658,0.3751,True
278,309,Belgorod,Russia,admin1,Europe,0.2,6.123,7.6188,1.2443,0.134,0.3347,True
279,51,Georgia,Georgia,admin0,Asia,0.0,6.1286,15.0855,2.4615,0.1575,0.1023,True
280,105,East Timor,East Timor,admin0,Asia,0.9,6.1399,8.1569,1.3285,0.2445,0.1003,True
281,672,Médéa,Algeria,admin1,Africa,0.15,6.1417,17.9116,2.9164,0.1993,0.1479,True
282,767,Indiana,United States of America,admin1,North America,0.5,6.1419,7.5245,1.2251,0.1664,0.2864,True
283,697,Kaluga,Russia,admin1,Europe,0.2,6.1434,8.1535,1.3272,0.1195,0.2516,True
284,356,Ohio,United States of America,admin1,North America,0.45,6.1528,7.2775,1.1828,0.1612,0.283,True
285,522,Aïn Témouchent,Algeria,admin1,Africa,0.15,6.1615,10.6662,1.7311,0.2065,0.2812,True
286,669,Mascara,Algeria,admin1,Africa,0.1,6.1638,11.4437,1.8566,0.1955,0.1905,True
287,116,Montenegro,Montenegro,admin0,Europe,0.3,6.1727,12.883,2.0871,0.1621,0.1412,True
288,37,Lithuania,Lithuania,admin0,Europe,0.3,6.1753,7.7303,1.2518,0.1213,0.3069,True
289,469,São Paulo,Brazil,admin1,South America,0.8,6.1812,8.2896,1.3411,0.2146,0.0775,True
290,470,Ciudad de Buenos Aires,Argentina,admin1,South America,0.0,6.1897,9.4213,1.5221,0.1928,0.3859,True
291,126,Portugal,Portugal,admin0,Europe,0.1,6.1904,9.953,1.6078,0.1931,0.1962,True
292,440,Kassala,Sudan,admin1,Africa,0.8,6.1929,7.8662,1.2702,0.2636,0.3689,True
293,432,Western Darfur,Sudan,admin1,Africa,1.0,6.1939,7.7163,1.2458,0.2655,0.3126,True
294,348,Montana,United States of America,admin1,North America,0.15,6.1945,8.5788,1.3849,0.1614,0.2872,True
295,45,Finland,Finland,admin0,Europe,0.1,6.2048,8.688,1.4002,0.107,0.2467,True
296,417,`Asir,Saudi Arabia,admin1,Asia,0.85,6.2163,7.8207,1.2581,0.2571,0.2419,True
297,738,Distrito Federal,Mexico,admin1,North America,1.0,6.2294,8.1886,1.3145,0.2451,0.0599,True
298,762,Illinois,United States of America,admin1,North America,0.4,6.2311,7.4605,1.1973,0.1687,0.3228,True
299,286,Murmansk,Russia,admin1,Europe,0.05,6.2392,8.7835,1.4078,0.0957,0.3475,True
300,548,Veracruz,Mexico,admin1,North America,0.4,6.2441,11.1038,1.7783,0.2057,0.0872,True
301,410,Saratov,Russia,admin1,Europe,0.3,6.2643,8.0991,1.2929,0.1383,0.3412,True
302,53,Albania,Albania,admin0,Europe,0.25,6.2692,11.9122,1.9001,0.1783,0.1458,True
303,79,Italy,Italy,admin0,Europe,0.05,6.2802,13.1527,2.0943,0.1706,0.1472,True
304,695,Khakass,Russia,admin1,Europe,0.2,6.3019,13.471,2.1376,0.1283,0.1296,True
305,710,Moskva,Russia,admin1,Europe,0.15,6.3153,8.5794,1.3585,0.1216,0.2401,True
306,707,Novgorod,Russia,admin1,Europe,0.25,6.317,8.0977,1.2819,0.1135,0.2413,True
307,545,Rhode Island,United States of America,admin1,North America,0.3,6.3189,9.3418,1.4784,0.1622,0.3563,True
308,691,Penza,Russia,admin1,Europe,0.3,6.3246,8.7394,1.3818,0.1283,0.2763,True
309,84,Republic of Serbia,Republic of Serbia,admin0,Europe,0.2,6.364,10.2983,1.6182,0.15,0.1388,True
310,88,Benin,Benin,admin0,Africa,0.85,6.3703,8.4062,1.3196,0.2298,0.0444,True
311,465,Sergipe,Brazil,admin1,South America,1.0,6.375,8.4022,1.318,0.2345,0.2436,True
312,236,Serranilla Bank,Serranilla Bank,admin0,North America,1.0,6.3816,8.3497,1.3084,0.2628,0.2286,True
313,146,Mauritania,Mauritania,admin0,Africa,0.3,6.3865,8.6792,1.359,0.251,0.4052,True
314,454,Crimea,Russia,admin1,Europe,0.25,6.3866,7.8446,1.2283,0.1553,0.3897,True
315,47,Cambodia,Cambodia,admin0,Asia,1.0,6.3934,8.1286,1.2714,0.2158,0.0516,True
316,161,Madagascar,Madagascar,admin0,Africa,0.8,6.401,8.0134,1.2519,0.2498,0.1378,True
317,352,Manitoba,Canada,admin1,North America,0.1,6.4061,9.2132,1.4382,0.1345,0.297,True
318,439,Red Sea,Sudan,admin1,Africa,0.85,6.4072,8.0667,1.259,0.26,0.29,True
319,85,Mali,Mali,admin0,Africa,1.0,6.4164,7.8428,1.2223,0.2534,0.2675,True
320,663,Tissemsilt,Algeria,admin1,Africa,0.25,6.4257,19.2052,2.9888,0.1951,0.1364,True
321,460,Ceará,Brazil,admin1,South America,1.0,6.4602,8.072,1.2495,0.246,0.2922,True
322,10,South Sudan,South Sudan,admin0,Africa,1.0,6.4644,8.1367,1.2587,0.2417,0.0477,True
323,265,Krasnodar,Russia,admin1,Europe,0.1,6.4682,9.0529,1.3996,0.1489,0.3438,True
324,758,Chhattisgarh,India,admin1,Asia,0.8,6.4686,8.5353,1.3195,0.2179,0.0517,True
325,149,Hong Kong S.A.R.,Hong Kong S.A.R.,admin0,Asia,0.85,6.4742,8.9979,1.3898,0.1653,0.303,True
326,100,Dominican Republic,Dominican Republic,admin0,North America,0.85,6.4799,8.4537,1.3046,0.2248,0.1085,True
327,586,Arkhangel'sk,Russia,admin1,Europe,0.1,6.5008,8.059,1.2397,0.102,0.2809,True
328,430,Ouargla,Algeria,admin1,Africa,0.0,6.5058,10.4561,1.6072,0.2389,0.3632,True
329,713,Udmurt,Russia,admin1,Europe,0.15,6.5086,9.4602,1.4535,0.1196,0.2209,True
330,171,Iceland,Iceland,admin0,Europe,0.1,6.5106,9.1878,1.4112,0.0936,0.5031,True
331,544,Connecticut,United States of America,admin1,North America,0.35,6.5131,9.4603,1.4525,0.1626,0.276,True
332,508,Al Marqab,Libya,admin1,Africa,0.2,6.5257,8.8064,1.3495,0.2093,0.4273,True
333,467,Espírito Santo,Brazil,admin1,South America,1.0,6.531,8.3936,1.2852,0.2001,0.0785,True
334,207,Faroe Islands,Faroe Islands,admin0,Europe,0.3,6.5333,8.686,1.3295,0.093,0.6853,True
335,354,Ontario,Canada,admin1,North America,0.1,6.5349,8.3104,1.2717,0.1413,0.2662,True
336,377,Chiapas,Mexico,admin1,North America,1.0,6.5409,8.2978,1.2686,0.2248,0.0204,True
337,36,Tajikistan,Tajikistan,admin0,Asia,0.2,6.5447,18.0981,2.7653,0.2016,0.1707,True
338,50,Belgium,Belgium,admin0,Europe,0.3,6.5481,8.4117,1.2846,0.12,0.3331,True
339,412,Volgograd,Russia,admin1,Europe,0.3,6.5541,8.131,1.2406,0.1419,0.4068,True
340,693,Orel,Russia,admin1,Europe,0.3,6.5586,9.1964,1.4022,0.1257,0.261,True
341,359,Québec,Canada,admin1,North America,0.15,6.5798,8.9557,1.3611,0.1278,0.3326,True
342,646,Hubei,China,admin1,Asia,0.45,6.5942,10.0363,1.522,0.1378,0.0795,True
343,327,Khabarovsk,Russia,admin1,Europe,0.1,6.5966,13.5639,2.0562,0.1304,0.1325,True
344,233,Macao S.A.R,Macao S.A.R,admin0,Asia,0.7,6.6187,8.3045,1.2547,0.1631,0.3498,True
345,614,Wyoming,United States of America,admin1,North America,0.3,6.6228,9.1745,1.3853,0.182,0.3126,True
346,474,Queensland,Australia,admin1,Oceania,0.7,6.6231,8.8538,1.3368,0.2399,0.3026,True
347,575,Kerala,India,admin1,Asia,0.9,6.625,8.6151,1.3004,0.2306,0.071,True
348,405,Novosibirsk,Russia,admin1,Europe,0.1,6.653,10.3907,1.5618,0.1314,0.2985,True
349,114,Andorra,Andorra,admin0,Europe,0.3,6.6584,11.5543,1.7353,0.1684,0.1496,True
350,420,Murzuq,Libya,admin1,Africa,0.1,6.6671,10.568,1.5851,0.2607,0.3487,True
351,518,Tipaza,Algeria,admin1,Africa,0.15,6.6812,8.9963,1.3465,0.2046,0.3508,True
352,578,Sakhalin,Russia,admin1,Europe,0.35,6.6874,9.1624,1.3701,0.1269,0.3232,True
353,306,Smolensk,Russia,admin1,Europe,0.2,6.7113,8.5643,1.2761,0.1195,0.2854,True
354,363,New Brunswick,Canada,admin1,North America,0.35,6.7114,8.9261,1.33,0.1439,0.2921,True
355,310,Voronezh,Russia,admin1,Europe,0.3,6.7145,8.2058,1.2221,0.1344,0.3507,True
356,742,Sabha,Libya,admin1,Africa,0.0,6.7255,10.9962,1.635,0.2472,0.362,True
357,99,Haiti,Haiti,admin0,North America,1.0,6.7318,8.4598,1.2567,0.2414,0.153,True
358,148,Gambia,Gambia,admin0,Africa,1.0,6.7422,8.2956,1.2304,0.2397,0.1461,True
359,727,Puebla,Mexico,admin1,North America,0.65,6.7552,9.1952,1.3612,0.2424,0.0866,True
360,71,Sierra Leone,Sierra Leone,admin0,Africa,0.95,6.7611,8.732,1.2915,0.2175,0.0173,True
361,375,Campeche,Mexico,admin1,North America,1.0,6.7639,8.607,1.2725,0.2308,0.0489,True
362,731,Guanajuato,Mexico,admin1,North America,0.6,6.7822,9.2475,1.3635,0.2513,0.1233,True
363,706,Vologda,Russia,admin1,Europe,0.2,6.7839,8.6943,1.2816,0.1134,0.214,True
364,712,Kirov,Russia,admin1,Europe,0.2,6.7925,9.3743,1.3801,0.1164,0.2099,True
365,30,Namibia,Namibia,admin0,Africa,0.9,6.7987,8.529,1.2545,0.2566,0.215,True
366,229,Bahrain,Bahrain,admin0,Asia,0.5,6.803,8.2194,1.2082,0.2502,0.482,True
367,132,Cameroon,Cameroon,admin0,Africa,1.0,6.8038,8.4993,1.2492,0.2195,0.005,True
368,87,Nigeria,Nigeria,admin0,Africa,0.85,6.8065,9.0636,1.3316,0.233,0.0691,True
369,728,Morelos,Mexico,admin1,North America,0.8,6.8074,9.9735,1.4651,0.2488,0.0483,True
370,307,Bryansk,Russia,admin1,Europe,0.3,6.8219,8.6666,1.2704,0.1235,0.2773,True
371,134,Niger,Niger,admin0,Africa,1.0,6.8283,8.409,1.2315,0.2723,0.3018,True
372,201,Cabo Verde,Cabo Verde,admin0,Africa,0.95,6.8345,8.418,1.2317,0.2514,0.6268,True
373,280,Central Darfur,Sudan,admin1,Africa,0.85,6.8424,9.1825,1.342,0.255,0.1127,True
374,431,North Darfur,Sudan,admin1,Africa,1.0,6.8626,8.4911,1.2373,0.2758,0.3574,True
375,94,Zimbabwe,Zimbabwe,admin0,Africa,1.0,6.8644,8.8468,1.2888,0.246,0.126,True
376,194,Cayman Islands,Cayman Islands,admin0,North America,0.4,6.8733,10.5705,1.5379,0.2452,0.4695,True
377,704,Tula,Russia,admin1,Europe,0.3,6.8814,9.1991,1.3368,0.1226,0.2895,True
378,97,Thailand,Thailand,admin0,Asia,0.95,6.8846,8.7448,1.2702,0.207,0.044,True
379,102,Kuwait,Kuwait,admin0,Asia,0.1,6.8862,10.2707,1.4915,0.2366,0.3931,True
380,564,Newfoundland and Labrador,Canada,admin1,North America,0.15,6.8897,9.5539,1.3867,0.1239,0.4021,True
381,573,Goa,India,admin1,Asia,0.7,6.9082,9.3565,1.3544,0.2357,0.1083,True
382,140,Belize,Belize,admin0,North America,1.0,6.9228,8.9989,1.2999,0.2057,0.0442,True
383,384,Mendoza,Argentina,admin1,South America,0.2,6.9286,11.4793,1.6568,0.2178,0.3016,True
384,267,Kabardin-Balkar,Russia,admin1,Europe,0.1,6.9458,13.072,1.882,0.1438,0.1208,True
385,169,Japan,Japan,admin0,Asia,0.55,6.965,9.5838,1.376,0.151,0.186,True
386,535,Florida,United States of America,admin1,North America,0.75,6.9771,8.7005,1.247,0.2069,0.1582,True
387,505,Andhra Pradesh,India,admin1,Asia,0.85,6.9856,9.096,1.3021,0.2261,0.1923,True
388,345,Washington,United States of America,admin1,North America,0.0,6.9973,14.5585,2.0806,0.1561,0.1191,True
389,289,Amapá,Brazil,admin1,South America,1.0,6.9974,9.0574,1.2944,0.2164,0.0222,True
390,64,Hungary,Hungary,admin0,Europe,0.3,7.0002,9.8248,1.4035,0.1409,0.2114,True
391,510,Az Zawiyah,Libya,admin1,Africa,0.05,7.0045,9.8511,1.4064,0.2272,0.3709,True
392,113,Bangladesh,Bangladesh,admin0,Asia,0.9,7.0067,8.9644,1.2794,0.1993,0.0977,True
393,344,Meghalaya,India,admin1,Asia,1.0,7.0132,9.0765,1.2942,0.1908,0.0104,True
394,66,Poland,Poland,admin0,Europe,0.3,7.0232,9.3893,1.3369,0.1169,0.267,True
395,234,Ashmore and Cartier Islands,Ashmore and Cartier Islands,admin0,Oceania,0.7,7.0288,9.0981,1.2944,0.2618,0.543,True
396,674,M'Sila,Algeria,admin1,Africa,0.2,7.0349,16.8824,2.3998,0.2061,0.2415,True
397,686,Lipetsk,Russia,admin1,Europe,0.35,7.0408,8.9791,1.2753,0.1275,0.3047,True
398,609,Jharkhand,India,admin1,Asia,0.85,7.0427,9.2435,1.3125,0.2106,0.0805,True
399,760,Telangana,India,admin1,Asia,0.95,7.0465,8.88,1.2602,0.2262,0.1465,True
400,565,Nova Scotia,Canada,admin1,North America,0.4,7.048,8.9044,1.2634,0.1441,0.3835,True
401,311,Rostov,Russia,admin1,Europe,0.3,7.0623,8.4232,1.1927,0.1437,0.4064,True
402,607,MEX+99?,Mexico,admin1,North America,0.8,7.0725,8.823,1.2475,0.2633,0.4346,True
403,374,Quintana Roo,Mexico,admin1,North America,0.95,7.0892,9.0444,1.2758,0.2179,0.083,True
404,152,Cyprus No Mans Area,Cyprus No Mans Area,admin0,Asia,0.5,7.0928,9.8278,1.3856,0.2158,0.2658,True
405,4,Dhekelia Sovereign Base Area,Dhekelia Sovereign Base Area,admin0,Asia,0.5,7.0928,9.8278,1.3856,0.2158,0.2658,True
406,551,Guerrero,Mexico,admin1,North America,0.85,7.0934,9.974,1.4061,0.2522,0.0252,True
407,690,Ul'yanovsk,Russia,admin1,Europe,0.35,7.1211,9.1392,1.2834,0.1272,0.2953,True
408,594,Lakshadweep,India,admin1,Asia,0.65,7.1247,9.6989,1.3613,0.2339,0.0934,True
409,617,South Dakota,United States of America,admin1,North America,0.25,7.1482,8.6786,1.2141,0.1666,0.418,True
410,475,New South Wales,Australia,admin1,Oceania,0.05,7.156,12.4908,1.7455,0.2129,0.241,True
411,734,Aguascalientes,Mexico,admin1,North America,0.7,7.1675,9.2339,1.2883,0.2521,0.1706,True
412,433,Al Butnan,Libya,admin1,Africa,0.0,7.168,11.3871,1.5886,0.2453,0.3712,True
413,266,Karachay-Cherkess,Russia,admin1,Europe,0.25,7.169,11.7736,1.6423,0.1483,0.1245,True
414,268,North Ossetia,Russia,admin1,Europe,0.25,7.1786,17.6767,2.4624,0.1479,0.1152,True
415,288,Leningrad,Russia,admin1,Europe,0.25,7.1944,8.8649,1.2322,0.1154,0.2763,True
416,585,City of St. Petersburg,Russia,admin1,Europe,0.15,7.1945,10.817,1.5035,0.1157,0.2615,True
417,336,Manipur,India,admin1,Asia,0.95,7.1953,9.446,1.3128,0.1929,0.0051,True
418,70,Zambia,Zambia,admin0,Africa,1.0,7.1999,9.0114,1.2516,0.2484,0.0921,True
419,43,Norway,Norway,admin0,Europe,0.15,7.2048,10.8367,1.5041,0.0956,0.3209,True
420,112,Myanmar,Myanmar,admin0,Asia,1.0,7.2167,9.1825,1.2724,0.2055,0.0127,True
421,335,Nagaland,India,admin1,Asia,1.0,7.2343,9.3062,1.2864,0.1912,0.0022,True
422,279,An Nuqat al Khams,Libya,admin1,Africa,0.0,7.2499,11.3069,1.5596,0.2303,0.3962,True
423,192,British Virgin Islands,British Virgin Islands,admin0,North America,0.9,7.2618,9.3902,1.2931,0.2398,0.2692,True
424,402,Omsk,Russia,admin1,Europe,0.15,7.2799,10.751,1.4768,0.1297,0.2721,True
425,514,Béjaïa,Algeria,admin1,Africa,0.3,7.2855,12.7933,1.756,0.1884,0.1518,True
426,644,Jiangxi,China,admin1,Asia,0.35,7.2911,11.3472,1.5563,0.1442,0.0593,True
427,72,Guinea,Guinea,admin0,Africa,0.95,7.2914,8.9815,1.2318,0.2343,0.021,True
428,523,Colima,Mexico,admin1,North America,0.85,7.3003,10.2095,1.3985,0.2494,0.0584,True
429,689,Tatarstan,Russia,admin1,Europe,0.25,7.3163,9.8939,1.3523,0.125,0.2998,True
430,730,Hidalgo,Mexico,admin1,North America,0.4,7.3169,11.2432,1.5366,0.2325,0.0886,True
431,726,México,Mexico,admin1,North America,0.85,7.346,9.4903,1.2919,0.2418,0.052,True
432,241,Jujuy,Argentina,admin1,South America,1.0,7.3687,9.4341,1.2803,0.2599,0.2056,True
433,349,Alberta,Canada,admin1,North America,0.05,7.3714,10.0406,1.3621,0.133,0.1975,True
434,515,Tizi Ouzou,Algeria,admin1,Africa,0.3,7.3762,13.5751,1.8404,0.1888,0.2109,True
435,55,Kosovo,Kosovo,admin0,Europe,0.2,7.3939,16.6667,2.2541,0.1558,0.1013,True
436,657,La Pampa,Argentina,admin1,South America,0.0,7.3947,12.398,1.6766,0.208,0.4234,True
437,619,Kansas,United States of America,admin1,North America,0.15,7.3955,9.7125,1.3133,0.1884,0.4275,True
438,546,Massachusetts,United States of America,admin1,North America,0.4,7.3962,10.4841,1.4175,0.159,0.2914,True
439,703,Nizhegorod,Russia,admin1,Europe,0.25,7.3965,9.3174,1.2597,0.122,0.2476,True
440,708,Tver',Russia,admin1,Europe,0.25,7.4128,9.3349,1.2593,0.1175,0.2472,True
441,29,Belarus,Belarus,admin0,Europe,0.35,7.4181,9.5063,1.2815,0.1199,0.2591,True
442,118,Uganda,Uganda,admin0,Africa,0.95,7.457,9.243,1.2395,0.2364,0.0348,True
443,109,eSwatini,eSwatini,admin0,Africa,1.0,7.4613,9.8713,1.323,0.2113,0.0918,True
444,357,Pennsylvania,United States of America,admin1,North America,0.35,7.4906,10.4689,1.3976,0.1551,0.2322,True
445,739,Al Jifarah,Libya,admin1,Africa,0.15,7.4938,9.7509,1.3012,0.2213,0.3754,True
446,666,El Bayadh,Algeria,admin1,Africa,0.05,7.4953,13.4938,1.8003,0.2252,0.3221,True
447,473,South Australia,Australia,admin1,Oceania,0.0,7.5008,11.0029,1.4669,0.2234,0.4417,True
448,698,Kostroma,Russia,admin1,Europe,0.2,7.5022,9.3072,1.2406,0.1162,0.2176,True
449,128,Turkmenistan,Turkmenistan,admin0,Asia,0.05,7.5059,11.475,1.5288,0.1888,0.3676,True
450,302,Mato Grosso do Sul,Brazil,admin1,South America,0.85,7.5178,9.6483,1.2834,0.2206,0.0718,True
451,587,Krasnoyarsk,Russia,admin1,Europe,0.0,7.5369,10.0444,1.3327,0.1042,0.2432,True
452,414,Al Hudud ash Shamaliyah,Saudi Arabia,admin1,Asia,0.2,7.5372,11.3427,1.5049,0.2381,0.299,True
453,620,Oklahoma,United States of America,admin1,North America,0.2,7.5376,9.6428,1.2793,0.1936,0.3846,True
454,647,Anhui,China,admin1,Asia,0.55,7.5434,9.6178,1.275,0.1507,0.1344,True
455,449,Eastern Darfur,Sudan,admin1,Africa,1.0,7.5482,9.4367,1.2502,0.2568,0.1963,True
456,702,Ivanovo,Russia,admin1,Europe,0.25,7.5563,9.0978,1.204,0.1192,0.2815,True
457,684,Sverdlovsk,Russia,admin1,Europe,0.1,7.5705,12.5875,1.6627,0.115,0.1862,True
458,125,Brazilian Island,Brazilian Island,admin0,South America,0.2,7.5802,12.9895,1.7136,0.2077,0.2079,True
459,281,Southern Darfur,Sudan,admin1,Africa,1.0,7.5829,9.4529,1.2466,0.255,0.1626,True
460,464,Alagoas,Brazil,admin1,South America,1.0,7.5855,9.9871,1.3166,0.2409,0.2272,True
461,393,Aqtöbe,Kazakhstan,admin1,Asia,0.2,7.5939,9.8485,1.2969,0.1586,0.4437,True
462,593,Kommune Kujalleq,Greenland,admin1,North America,0.35,7.5944,9.3548,1.2318,0.1151,0.4791,True
463,530,Makkah,Saudi Arabia,admin1,Asia,0.75,7.5959,9.5913,1.2627,0.2551,0.2826,True
464,34,Oman,Oman,admin0,Asia,0.85,7.5994,9.2492,1.2171,0.263,0.3265,True
465,716,Samara,Russia,admin1,Europe,0.3,7.6005,9.3061,1.2244,0.1325,0.3414,True
466,541,Maryland,United States of America,admin1,North America,0.35,7.636,10.0955,1.3221,0.1649,0.2546,True
467,74,Central African Republic,Central African Republic,admin0,Africa,1.0,7.6435,9.5635,1.2512,0.2383,0.0214,True
468,517,Alger,Algeria,admin1,Africa,0.35,7.6478,10.8514,1.4189,0.2013,0.2426,True
469,537,South Carolina,United States of America,admin1,North America,0.4,7.6525,10.1916,1.3318,0.189,0.1873,True
470,347,Idaho,United States of America,admin1,North America,0.0,7.7204,13.0173,1.6861,0.1823,0.132,True
471,629,Ar Riyad,Saudi Arabia,admin1,Asia,0.8,7.7205,9.6691,1.2524,0.254,0.2878,True
472,35,Uzbekistan,Uzbekistan,admin0,Asia,0.0,7.7232,11.5964,1.5015,0.184,0.3599,True
473,425,Béchar,Algeria,admin1,Africa,0.1,7.7377,12.9892,1.6787,0.2378,0.3171,True
474,718,Adygey,Russia,admin1,Europe,0.1,7.7539,13.8888,1.7912,0.1453,0.2509,True
475,429,Souk Ahras,Algeria,admin1,Africa,0.3,7.7625,12.6575,1.6306,0.1928,0.2003,True
476,581,Yamal-Nenets,Russia,admin1,Europe,0.0,7.7649,10.3622,1.3345,0.0988,0.4187,True
477,353,Minnesota,United States of America,admin1,North America,0.25,7.7683,9.4696,1.219,0.1547,0.3195,True
478,572,Maharashtra,India,admin1,Asia,1.0,7.7809,9.7463,1.2526,0.2257,0.1485,True
479,532,Louisiana,United States of America,admin1,North America,0.5,7.7839,9.7229,1.2491,0.1901,0.1867,True
480,688,Tomsk,Russia,admin1,Europe,0.25,7.7926,11.6733,1.498,0.1211,0.2051,True
481,92,Qatar,Qatar,admin0,Asia,0.5,7.8053,10.0493,1.2875,0.2447,0.3779,True
482,542,Delaware,United States of America,admin1,North America,0.3,7.8108,10.265,1.3142,0.168,0.3211,True
483,292,West Bengal,India,admin1,Asia,1.0,7.8136,9.7975,1.2539,0.2057,0.1052,True
484,618,Nebraska,United States of America,admin1,North America,0.4,7.8262,9.1684,1.1715,0.1788,0.4461,True
485,358,New York,United States of America,admin1,North America,0.3,7.8314,10.4416,1.3333,0.154,0.3068,True
486,715,Perm',Russia,admin1,Europe,0.15,7.8323,11.2903,1.4415,0.1134,0.1958,True
487,662,Blida,Algeria,admin1,Africa,0.35,7.8359,10.9358,1.3956,0.2018,0.2478,True
488,360,Vermont,United States of America,admin1,North America,0.35,7.836,14.0273,1.7901,0.1495,0.224,True
489,343,Tripura,India,admin1,Asia,0.95,7.8445,9.9108,1.2634,0.1978,0.0511,True
490,400,Tyumen',Russia,admin1,Europe,0.1,7.8632,12.383,1.5748,0.123,0.2395,True
491,250,East Kazakhstan,Kazakhstan,admin1,Asia,0.0,7.8799,10.7639,1.366,0.1577,0.2835,True
492,696,Mordovia,Russia,admin1,Europe,0.35,7.8963,9.8949,1.2531,0.1223,0.3008,True
493,138,Guinea-Bissau,Guinea-Bissau,admin0,Africa,1.0,7.9107,9.9129,1.2531,0.2383,0.0991,True
494,8,Lebanon,Lebanon,admin0,Asia,0.3,7.9132,13.4128,1.695,0.2174,0.2037,True
495,701,Ryazan',Russia,admin1,Europe,0.35,7.918,10.0471,1.2689,0.1228,0.2835,True
496,38,Uruguay,Uruguay,admin0,South America,0.35,7.9272,9.7956,1.2357,0.1972,0.3229,True
497,733,Zacatecas,Mexico,admin1,North America,0.85,7.9309,10.0016,1.2611,0.2511,0.1787,True
498,287,Karelia,Russia,admin1,Europe,0.2,7.9591,10.6126,1.3334,0.1093,0.2673,True
499,714,Komi,Russia,admin1,Europe,0.1,7.9601,10.6036,1.3321,0.1039,0.2366,True
500,86,Senegal,Senegal,admin0,Africa,1.0,7.9734,9.8089,1.2302,0.2413,0.1986,True
501,381,Catamarca,Argentina,admin1,South America,0.55,7.9745,10.1635,1.2745,0.257,0.2658,True
502,579,Sevastopol,Russia,admin1,Europe,0.2,7.9779,11.1515,1.3978,0.1707,0.4047,True
503,765,Tennessee,United States of America,admin1,North America,0.45,7.9905,11.3849,1.4248,0.178,0.1819,True
504,17,France,France,admin0,Europe,0.3,8.0124,10.4193,1.3004,0.1543,0.2098,True
505,403,Qostanay,Kazakhstan,admin1,Asia,0.3,8.0178,10.3117,1.2861,0.1463,0.4111,True
506,570,Maga Buryatdan,Russia,admin1,Europe,0.05,8.0457,16.357,2.033,0.1127,0.155,True
507,766,West Virginia,United States of America,admin1,North America,0.5,8.0639,11.1604,1.384,0.1617,0.1576,True
508,612,Madhya Pradesh,India,admin1,Asia,0.75,8.0648,10.9463,1.3573,0.2175,0.1177,True
509,529,Al Madinah,Saudi Arabia,admin1,Asia,0.95,8.0908,10.031,1.2398,0.2597,0.2555,True
510,130,Nepal,Nepal,admin0,Asia,1.0,8.1023,10.1417,1.2517,0.2157,0.1041,True
511,1,Chile,Chile,admin0,South America,0.0,8.1113,15.8064,1.9487,0.1997,0.2653,True
512,421,Tamanghasset,Algeria,admin1,Africa,0.5,8.1277,10.7497,1.3226,0.2532,0.3089,True
513,49,United Arab Emirates,United Arab Emirates,admin0,Asia,0.55,8.1401,10.2207,1.2556,0.2521,0.3023,True
514,361,New Hampshire,United States of America,admin1,North America,0.4,8.1642,13.4285,1.6448,0.1524,0.2122,True
515,547,Yucatán,Mexico,admin1,North America,1.0,8.1719,10.2132,1.2498,0.2368,0.1984,True
516,543,New Jersey,United States of America,admin1,North America,0.35,8.1722,10.7922,1.3206,0.163,0.2667,True
517,303,Paraná,Brazil,admin1,South America,0.85,8.1732,10.4952,1.2841,0.2034,0.0826,True
518,278,Ghadamis,Libya,admin1,Africa,0.0,8.1794,11.6827,1.4283,0.2394,0.3951,True
519,406,Chelyabinsk,Russia,admin1,Europe,0.25,8.1898,10.659,1.3015,0.1259,0.2786,True
520,571,Dadra and Nagar Haveli and Daman and Diu,India,admin1,Asia,0.9,8.2089,10.6371,1.2958,0.2258,0.0921,True
521,550,Michoacán,Mexico,admin1,North America,0.85,8.2213,11.1102,1.3514,0.2466,0.0328,True
522,536,Georgia,United States of America,admin1,North America,0.55,8.2316,10.3702,1.2598,0.192,0.165,True
523,272,Yunnan,China,admin1,Asia,1.0,8.2317,10.8757,1.3212,0.1878,0.0367,True
524,93,Botswana,Botswana,admin0,Africa,1.0,8.2352,10.2421,1.2437,0.249,0.1889,True
525,251,Almaty,Kazakhstan,admin1,Asia,0.0,8.2493,10.8816,1.3191,0.1716,0.2829,True
526,157,Bir Tawil,Bir Tawil,admin0,Africa,1.0,8.2512,10.1877,1.2347,0.2574,0.3021,True
527,692,Kemerovo,Russia,admin1,Europe,0.25,8.2957,13.4507,1.6214,0.1276,0.2018,True
528,362,Maine,United States of America,admin1,North America,0.45,8.3086,11.8339,1.4243,0.1477,0.246,True
529,660,Bordj Bou Arréridj,Algeria,admin1,Africa,0.25,8.3254,19.7827,2.3762,0.1958,0.1496,True
530,653,Santa Fe,Argentina,admin1,South America,0.4,8.3465,10.651,1.2761,0.2065,0.2669,True
531,204,Guernsey,Guernsey,admin0,Europe,0.3,8.3665,9.9135,1.1849,0.1259,0.5536,True
532,144,Egypt,Egypt,admin0,Africa,0.2,8.3706,12.0763,1.4427,0.2578,0.3196,True
533,745,Qaraghandy,Kazakhstan,admin1,Asia,0.05,8.3771,10.9028,1.3015,0.1644,0.4274,True
534,290,Ash Sharqiyah,Saudi Arabia,admin1,Asia,0.6,8.4031,10.5283,1.2529,0.2622,0.3088,True
535,203,Jersey,Jersey,admin0,Europe,0.15,8.4038,11.0964,1.3204,0.1341,0.5915,True
536,401,Kurgan,Russia,admin1,Europe,0.35,8.4104,10.7535,1.2786,0.1292,0.3328,True
537,630,Al Quassim,Saudi Arabia,admin1,Asia,0.6,8.4105,10.9336,1.3,0.2433,0.2886,True
538,230,Coral Sea Islands,Coral Sea Islands,admin0,Oceania,0.95,8.4144,10.9859,1.3056,0.2339,0.553,True
539,608,RUS+99?,Russia,admin1,Europe,0.05,8.4412,10.1514,1.2026,0.0903,0.5401,True
540,561,Benghazi,Libya,admin1,Africa,0.0,8.4497,13.8626,1.6406,0.2262,0.4331,True
541,639,Hunan,China,admin1,Asia,0.55,8.4512,13.0073,1.5391,0.1287,0.0694,True
542,408,Orenburg,Russia,admin1,Europe,0.3,8.4576,10.7158,1.267,0.1401,0.3647,True
543,507,Misratah,Libya,admin1,Africa,0.1,8.4588,12.3769,1.4632,0.2337,0.3835,True
544,540,District of Columbia,United States of America,admin1,North America,0.4,8.4596,11.2935,1.335,0.1676,0.2216,True
545,96,Bulgaria,Bulgaria,admin0,Europe,0.0,8.4766,14.1805,1.6729,0.1572,0.1596,True
546,326,Yevrey,Russia,admin1,Europe,0.3,8.4819,12.0273,1.418,0.1479,0.1715,True
547,764,Arkansas,United States of America,admin1,North America,0.45,8.4895,11.1111,1.3088,0.1828,0.1967,True
548,447,South Kordufan,Sudan,admin1,Africa,0.85,8.4944,11.3086,1.3313,0.2526,0.1479,True
549,538,North Carolina,United States of America,admin1,North America,0.45,8.4966,11.2911,1.3289,0.1821,0.1868,True
550,154,Baykonur Cosmodrome,Baykonur Cosmodrome,admin0,Asia,0.0,8.5198,12.582,1.4768,0.1728,0.4402,True
551,63,Romania,Romania,admin0,Europe,0.15,8.5308,12.8551,1.5069,0.1421,0.1456,True
552,566,Odisha,India,admin1,Asia,0.95,8.5528,10.7509,1.257,0.2131,0.0604,True
553,297,Uttarakhand,India,admin1,Asia,1.0,8.5579,10.9935,1.2846,0.2179,0.1195,True
554,404,Pavlodar,Kazakhstan,admin1,Asia,0.1,8.5746,11.418,1.3316,0.1402,0.4074,True
555,422,Tindouf,Algeria,admin1,Africa,0.55,8.5805,10.971,1.2786,0.2428,0.3842,True
556,678,Constantine,Algeria,admin1,Africa,0.35,8.5926,17.4173,2.027,0.19,0.103,True
557,555,Jiangsu,China,admin1,Asia,0.65,8.6012,10.724,1.2468,0.1581,0.2348,True
558,717,Stavropol',Russia,admin1,Europe,0.25,8.6258,11.3213,1.3125,0.1502,0.3216,True
559,44,Sweden,Sweden,admin0,Europe,0.1,8.6348,11.5482,1.3374,0.1066,0.2509,True
560,763,Kentucky,United States of America,admin1,North America,0.4,8.637,12.4883,1.4459,0.1708,0.2025,True
561,301,Corrientes,Argentina,admin1,South America,0.3,8.7215,12.8686,1.4755,0.2067,0.1874,True
562,636,Sichuan,China,admin1,Asia,0.9,8.7364,11.961,1.3691,0.1703,0.1137,True
563,506,Surt,Libya,admin1,Africa,0.0,8.7368,12.4788,1.4283,0.2369,0.4233,True
564,23,Western Sahara,Western Sahara,admin0,Africa,0.3,8.7381,12.2814,1.4055,0.2437,0.4666,True
565,671,Laghouat,Algeria,admin1,Africa,0.25,8.7536,14.6623,1.675,0.2152,0.32,True
566,252,Rio Grande do Sul,Brazil,admin1,South America,0.3,8.8062,12.0707,1.3707,0.1951,0.2296,True
567,685,Khanty-Mansiy,Russia,admin1,Europe,0.05,8.8408,13.1348,1.4857,0.1118,0.2354,True
568,759,Haryana,India,admin1,Asia,0.95,8.8505,11.3083,1.2777,0.2198,0.1153,True
569,419,Al Kufrah,Libya,admin1,Africa,0.9,8.8702,11.023,1.2427,0.2698,0.3264,True
570,240,Salta,Argentina,admin1,South America,0.75,8.888,11.4877,1.2925,0.2294,0.155,True
571,156,Southern Patagonian Ice Field,Southern Patagonian Ice Field,admin0,South America,0.0,8.8891,13.2608,1.4918,0.1043,0.5612,True
572,244,Xizang,China,admin1,Asia,0.9,8.906,11.4318,1.2836,0.221,0.2864,True
573,80,Switzerland,Switzerland,admin0,Europe,0.3,8.9205,18.3209,2.0538,0.1404,0.1066,True
574,533,Mississippi,United States of America,admin1,North America,0.6,8.9467,11.2272,1.2549,0.1889,0.1778,True
575,549,Jalisco,Mexico,admin1,North America,1.0,8.9605,11.2158,1.2517,0.2525,0.0515,True
576,741,Al Jufrah,Libya,admin1,Africa,0.25,8.961,13.0212,1.4531,0.244,0.3471,True
577,735,Durango,Mexico,admin1,North America,0.9,8.983,11.3177,1.2599,0.2483,0.1257,True
578,682,Djelfa,Algeria,admin1,Africa,0.25,8.9909,17.4208,1.9376,0.2093,0.2812,True
579,597,Mazandaran,Iran,admin1,Asia,0.55,8.9911,14.2995,1.5904,0.1762,0.121,True
580,437,Ash Shati',Libya,admin1,Africa,0.15,8.9972,12.7508,1.4172,0.244,0.3566,True
581,382,La Rioja,Argentina,admin1,South America,0.5,9.0018,13.3082,1.4784,0.242,0.268,True
582,238,Entre Ríos,Argentina,admin1,South America,0.5,9.0056,11.4795,1.2747,0.2026,0.2184,True
583,743,Wadi al Hayaa,Libya,admin1,Africa,0.25,9.0057,11.5624,1.2839,0.2489,0.3754,True
584,732,San Luis Potosí,Mexico,admin1,North America,0.8,9.0213,11.5446,1.2797,0.2406,0.1768,True
585,516,Boumerdès,Algeria,admin1,Africa,0.3,9.0528,12.1298,1.3399,0.1978,0.363,True
586,40,Germany,Germany,admin0,Europe,0.3,9.0585,11.4943,1.2689,0.1183,0.2514,True
587,442,Rajasthan,India,admin1,Asia,1.0,9.0648,11.3383,1.2508,0.221,0.198,True
588,576,Puducherry,India,admin1,Asia,0.95,9.0677,11.5867,1.2778,0.2308,0.0419,True
589,443,Gujarat,India,admin1,Asia,0.85,9.0822,11.4763,1.2636,0.2277,0.3045,True
590,665,Relizane,Algeria,admin1,Africa,0.35,9.1163,14.8158,1.6252,0.1978,0.1734,True
591,386,Chubut,Argentina,admin1,South America,0.0,9.1213,12.415,1.3611,0.1777,0.5754,True
592,700,Vladimir,Russia,admin1,Europe,0.3,9.1269,10.9724,1.2022,0.1208,0.2521,True
593,385,Neuquén,Argentina,admin1,South America,0.0,9.129,13.542,1.4834,0.2023,0.3377,True
594,427,El Oued,Algeria,admin1,Africa,0.1,9.151,15.219,1.6631,0.2271,0.3418,True
595,98,San Marino,San Marino,admin0,Europe,0.25,9.1913,13.1445,1.4301,0.1622,0.183,True
596,744,Aqmola,Kazakhstan,admin1,Asia,0.15,9.1929,12.0997,1.3162,0.1421,0.4234,True
597,521,Oran,Algeria,admin1,Africa,0.2,9.2037,12.8935,1.4009,0.1942,0.3198,True
598,588,Kommuneqarfik Sermersooq,Greenland,admin1,North America,0.25,9.2101,10.646,1.1559,0.1276,0.5355,True
599,31,South Africa,South Africa,admin0,Africa,0.85,9.2361,11.5562,1.2512,0.2363,0.2494,True
600,638,Guizhou,China,admin1,Asia,0.8,9.2373,13.1881,1.4277,0.1347,0.0478,True
601,455,Bihar,India,admin1,Asia,1.0,9.2378,11.5629,1.2517,0.2133,0.1348,True
602,610,Delhi,India,admin1,Asia,1.0,9.2797,11.8752,1.2797,0.2186,0.1204,True
603,258,Dornogovi,Mongolia,admin1,Asia,0.0,9.3006,11.1216,1.1958,0.1798,0.4643,True
604,525,Nayarit,Mexico,admin1,North America,0.95,9.3162,11.6592,1.2515,0.2567,0.0694,True
605,365,Sonora,Mexico,admin1,North America,0.7,9.3244,12.0565,1.293,0.2449,0.195,True
606,631,Ha'il,Saudi Arabia,admin1,Asia,0.65,9.3378,11.4902,1.2305,0.2469,0.293,True
607,372,Tamaulipas,Mexico,admin1,North America,0.55,9.3786,11.8349,1.2619,0.2211,0.3222,True
608,274,South Kazakhstan,Kazakhstan,admin1,Asia,0.0,9.3953,14.8239,1.5778,0.1834,0.328,True
609,314,Gilan,Iran,admin1,Asia,0.45,9.4015,14.9982,1.5953,0.1801,0.1488,True
610,399,North Kazakhstan,Kazakhstan,admin1,Asia,0.3,9.4044,12.173,1.2944,0.1344,0.3971,True
611,90,Croatia,Croatia,admin0,Europe,0.15,9.435,16.1952,1.7165,0.1544,0.1706,True
612,613,Utah,United States of America,admin1,North America,0.2,9.4488,15.7483,1.6667,0.2031,0.1626,True
613,77,Austria,Austria,admin0,Europe,0.15,9.5452,19.0818,1.9991,0.1343,0.1156,True
614,740,Mizdah,Libya,admin1,Africa,0.05,9.563,13.9601,1.4598,0.2356,0.3707,True
615,539,Virginia,United States of America,admin1,North America,0.4,9.5644,14.1103,1.4753,0.1715,0.1695,True
616,324,Heilongjiang,China,admin1,Asia,0.35,9.6203,12.8547,1.3362,0.1521,0.1991,True
617,117,Bosnia and Herzegovina,Bosnia and Herzegovina,admin0,Europe,0.3,9.6407,18.9064,1.9611,0.1518,0.1183,True
618,556,Bushehr,Iran,admin1,Asia,0.5,9.6535,13.9831,1.4485,0.2309,0.262,True
619,654,Tucumán,Argentina,admin1,South America,0.95,9.6637,12.6691,1.311,0.2135,0.1452,True
620,509,Tajura' wa an Nawahi al Arba,Libya,admin1,Africa,0.35,9.6758,11.7067,1.2099,0.2171,0.474,True
621,271,Dagestan,Russia,admin1,Europe,0.15,9.6863,12.1118,1.2504,0.1558,0.2509,True
622,769,Astana,Kazakhstan,admin1,Asia,0.3,9.7184,12.2287,1.2583,0.1431,0.3898,True
623,202,Malta,Malta,admin0,Europe,0.35,9.7278,12.7901,1.3148,0.2185,0.3093,True
624,616,Colorado,United States of America,admin1,North America,0.4,9.7357,12.6155,1.2958,0.2016,0.2308,True
625,300,Chaco,Argentina,admin1,South America,0.75,9.7363,12.5189,1.2858,0.2118,0.1652,True
626,456,Uttar Pradesh,India,admin1,Asia,1.0,9.774,12.2918,1.2576,0.2162,0.1181,True
627,398,Sistan and Baluchestan,Iran,admin1,Asia,0.9,9.8234,12.2213,1.2441,0.2421,0.2846,True
628,124,Paraguay,Paraguay,admin0,South America,0.8,9.8338,12.8665,1.3084,0.2116,0.1323,True
629,680,Oum el Bouaghi,Algeria,admin1,Africa,0.4,9.8438,15.7973,1.6048,0.1939,0.2019,True
630,253,Dornod,Mongolia,admin1,Asia,0.0,9.9117,14.5028,1.4632,0.1606,0.4395,True
631,127,Moldova,Moldova,admin0,Europe,0.3,9.9463,12.8466,1.2916,0.1406,0.2906,True
632,57,Spain,Spain,admin0,Europe,0.25,9.9706,14.1822,1.4224,0.1871,0.2057,True
633,91,Slovenia,Slovenia,admin0,Europe,0.25,9.9895,22.9268,2.2951,0.1473,0.0884,True
634,434,Ajdabiya,Libya,admin1,Africa,0.15,10.0054,14.2127,1.4205,0.2483,0.3679,True
635,254,Inner Mongol,China,admin1,Asia,0.3,10.0125,11.7006,1.1686,0.1727,0.3645,True
636,656,San Luis,Argentina,admin1,South America,0.2,10.0393,16.1503,1.6087,0.2209,0.3839,True
637,519,Chlef,Algeria,admin1,Africa,0.35,10.0425,16.8141,1.6743,0.2071,0.1939,True
638,296,Adrar,Algeria,admin1,Africa,0.7,10.0837,12.7529,1.2647,0.2489,0.3663,True
639,329,Jilin,China,admin1,Asia,0.5,10.0867,12.9463,1.2835,0.1611,0.2284,True
640,520,Mostaganem,Algeria,admin1,Africa,0.3,10.0913,16.4377,1.6289,0.2039,0.2816,True
641,371,Coahuila,Mexico,admin1,North America,0.75,10.107,12.9248,1.2788,0.2314,0.2142,True
642,369,Chihuahua,Mexico,admin1,North America,0.9,10.107,12.7126,1.2578,0.2421,0.1926,True
643,611,Chandigarh,India,admin1,Asia,1.0,10.1251,12.9075,1.2748,0.2278,0.1472,True
644,383,San Juan,Argentina,admin1,South America,0.35,10.1612,13.5754,1.336,0.2442,0.2534,True
645,298,Formosa,Argentina,admin1,South America,0.75,10.162,13.0764,1.2868,0.2123,0.1488,True
646,7,Palestine,Palestine,admin0,Asia,0.6,10.1955,14.7244,1.4442,0.2189,0.2098,True
647,452,Himachal Pradesh,India,admin1,Asia,1.0,10.2126,13.0333,1.2762,0.2158,0.1526,True
648,407,Altay,Russia,admin1,Europe,0.2,10.2187,15.2463,1.492,0.136,0.2663,True
649,622,Missouri,United States of America,admin1,North America,0.45,10.2284,12.3303,1.2055,0.1757,0.285,True
650,48,Luxembourg,Luxembourg,admin0,Europe,0.3,10.258,13.9088,1.3559,0.1233,0.2811,True
651,683,Bashkortostan,Russia,admin1,Europe,0.15,10.3198,13.1092,1.2703,0.1265,0.2616,True
652,658,Córdoba,Argentina,admin1,South America,0.5,10.3418,12.8952,1.2469,0.2098,0.3209,True
653,528,Tabuk,Saudi Arabia,admin1,Asia,0.9,10.3762,12.7295,1.2268,0.2578,0.2508,True
654,428,Tébessa,Algeria,admin1,Africa,0.3,10.3949,18.11,1.7422,0.2027,0.2589,True
655,526,Fujian,China,admin1,Asia,0.95,10.4089,13.7471,1.3207,0.1513,0.0401,True
656,415,Al Jawf,Saudi Arabia,admin1,Asia,0.55,10.4651,13.6454,1.3039,0.2444,0.283,True
657,54,Azerbaijan,Azerbaijan,admin0,Asia,0.15,10.4714,16.0171,1.5296,0.169,0.1403,True
658,531,Sinaloa,Mexico,admin1,North America,1.0,10.4783,13.0193,1.2425,0.2534,0.1438,True
659,645,Henan,China,admin1,Asia,0.55,10.4906,13.6252,1.2988,0.1529,0.1464,True
660,633,Beijing,China,admin1,Asia,0.35,10.5211,17.5766,1.6706,0.1743,0.1595,True
661,255,Bayan-Ölgiy,Mongolia,admin1,Asia,0.25,10.5222,18.7147,1.7786,0.1612,0.1233,True
662,330,Liaoning,China,admin1,Asia,0.15,10.5464,14.6648,1.3905,0.1675,0.2704,True
663,655,Santiago del Estero,Argentina,admin1,South America,0.6,10.5509,14.6299,1.3866,0.2089,0.2475,True
664,95,Pakistan,Pakistan,admin0,Asia,0.95,10.5584,13.1959,1.2498,0.2251,0.1809,True
665,273,Zhambyl,Kazakhstan,admin1,Asia,0.0,10.5645,14.3085,1.3544,0.177,0.3896,True
666,527,Baja California Sur,Mexico,admin1,North America,0.7,10.5694,12.6981,1.2014,0.2463,0.2493,True
667,197,Saint Helena,Saint Helena,admin0,Seven seas (open ocean),0.5,10.6063,12.4475,1.1736,0.24,0.664,True
668,131,Lesotho,Lesotho,admin0,Africa,0.9,10.6348,13.5679,1.2758,0.2318,0.1726,True
669,441,Punjab,India,admin1,Asia,0.9,10.6412,13.5196,1.2705,0.2249,0.0919,True
670,364,Arizona,United States of America,admin1,North America,0.6,10.6923,14.58,1.3636,0.2291,0.2,True
671,694,Irkutsk,Russia,admin1,Europe,0.15,10.7225,16.5898,1.5472,0.1234,0.1282,True
672,569,Tianjin,China,admin1,Asia,0.4,10.7499,13.2793,1.2353,0.1718,0.2381,True
673,270,Chechnya,Russia,admin1,Europe,0.0,10.7652,18.135,1.6846,0.1483,0.1957,True
674,62,Tunisia,Tunisia,admin0,Africa,0.15,10.7692,15.7295,1.4606,0.2156,0.3452,True
675,373,Nuevo León,Mexico,admin1,North America,0.85,10.7745,13.7084,1.2723,0.2244,0.2676,True
676,438,Ghat,Libya,admin1,Africa,0.8,10.8118,13.2574,1.2262,0.2452,0.3136,True
677,388,Santa Cruz,Argentina,admin1,South America,0.0,10.8128,14.2794,1.3206,0.1484,0.5901,True
678,603,Lord Howe Island,Australia,admin1,Oceania,1.0,10.8798,14.1089,1.2968,0.2073,0.1899,True
679,366,Baja California,Mexico,admin1,North America,0.3,10.8812,14.2826,1.3126,0.2258,0.2384,True
680,641,Shaanxi,China,admin1,Asia,0.6,10.9393,15.4244,1.41,0.1592,0.1386,True
681,557,Hormozgan,Iran,admin1,Asia,0.95,11.0689,13.6878,1.2366,0.2411,0.2083,True
682,257,Sühbaatar,Mongolia,admin1,Asia,0.0,11.1455,15.1144,1.3561,0.1694,0.4398,True
683,681,Biskra,Algeria,admin1,Africa,0.15,11.1715,19.0373,1.7041,0.2123,0.2718,True
684,723,Dundgovi,Mongolia,admin1,Asia,0.0,11.2184,13.8895,1.2381,0.1769,0.4417,True
685,367,California,United States of America,admin1,North America,0.15,11.2197,17.496,1.5594,0.2176,0.1516,True
686,39,Czechia,Czechia,admin0,Europe,0.2,11.256,16.1073,1.431,0.1223,0.2276,True
687,269,Ingush,Russia,admin1,Europe,0.4,11.3159,21.3666,1.8882,0.1458,0.1223,True
688,477,Victoria,Australia,admin1,Oceania,0.5,11.3669,15.3749,1.3526,0.185,0.1951,True
689,368,New Mexico,United States of America,admin1,North America,0.55,11.3748,16.1101,1.4163,0.2232,0.271,True
690,751,Kerman,Iran,admin1,Asia,0.9,11.4018,14.1439,1.2405,0.2367,0.242,True
691,65,Slovakia,Slovakia,admin0,Europe,0.25,11.4149,18.0949,1.5852,0.1277,0.1526,True
692,78,Iraq,Iraq,admin0,Asia,0.45,11.4992,15.617,1.3581,0.2232,0.2857,True
693,642,Qinghai,China,admin1,Asia,1.0,11.5316,14.9254,1.2943,0.2004,0.2602,True
694,436,Illizi,Algeria,admin1,Africa,0.65,11.5982,14.4873,1.2491,0.2469,0.3081,True
695,242,Ladakh,India,admin1,Asia,0.95,11.5994,14.8507,1.2803,0.2197,0.1731,True
696,21,North Korea,North Korea,admin0,Asia,0.55,11.6678,16.7223,1.4332,0.1641,0.1518,True
697,6,Israel,Israel,admin0,Asia,0.8,11.802,15.103,1.2797,0.2321,0.2223,True
698,562,Oregon,United States of America,admin1,North America,0.35,11.8023,15.4728,1.311,0.1793,0.1559,True
699,643,Shanxi,China,admin1,Asia,0.6,11.8666,15.5796,1.3129,0.1736,0.1633,True
700,451,Tlemcen,Algeria,admin1,Africa,0.5,11.9189,18.1167,1.52,0.2085,0.185,True
701,640,Ningxia,China,admin1,Asia,0.8,11.9965,15.1276,1.261,0.1775,0.2702,True
702,652,Australian Capital Territory,Australia,admin1,Oceania,0.75,12.0788,16.2146,1.3424,0.1952,0.1187,True
703,749,Kohgiluyeh and Buyer Ahmad,Iran,admin1,Asia,0.85,12.2228,16.7574,1.371,0.2295,0.1485,True
704,22,Morocco,Morocco,admin0,Africa,0.9,12.2392,15.4153,1.2595,0.2315,0.3039,True
705,394,North Khorasan,Iran,admin1,Asia,0.35,12.3195,19.9601,1.6202,0.197,0.2072,True
706,567,Shandong,China,admin1,Asia,0.5,12.3432,15.9326,1.2908,0.166,0.2224,True
707,675,Batna,Algeria,admin1,Africa,0.45,12.3833,19.5904,1.582,0.203,0.1963,True
708,395,Golestan,Iran,admin1,Asia,0.4,12.4084,17.0367,1.373,0.1815,0.1596,True
709,129,Jordan,Jordan,admin0,Asia,0.75,12.4151,15.607,1.2571,0.2348,0.2918,True
710,389,Tierra del Fuego,Argentina,admin1,South America,0.0,12.4391,19.8317,1.5943,0.1174,0.5417,True
711,260,Gansu,China,admin1,Asia,0.75,12.442,16.1858,1.3009,0.1799,0.2171,True
712,750,Fars,Iran,admin1,Asia,1.0,12.457,15.4529,1.2405,0.2362,0.2023,True
713,721,Arhangay,Mongolia,admin1,Asia,0.35,12.5229,21.1312,1.6874,0.1614,0.2356,True
714,52,North Macedonia,North Macedonia,admin0,Europe,0.6,12.5591,18.811,1.4978,0.1648,0.095,True
715,724,Övörhangay,Mongolia,admin1,Asia,0.0,12.7284,17.6288,1.385,0.1747,0.3182,True
716,753,Lorestan,Iran,admin1,Asia,0.75,12.8912,17.706,1.3735,0.2228,0.1285,True
717,755,Qom,Iran,admin1,Asia,0.7,12.9588,17.887,1.3803,0.2159,0.1996,True
718,615,Nevada,United States of America,admin1,North America,0.0,12.9839,18.4722,1.4227,0.21,0.1907,True
719,748,Chahar Mahall and Bakhtiari,Iran,admin1,Asia,0.9,13.0328,17.0221,1.3061,0.2273,0.1253,True
720,591,Pituffik,Greenland,admin1,North America,0.05,13.0798,20.976,1.6037,0.0837,0.3097,True
721,262,Ömnögovi,Mongolia,admin1,Asia,0.25,13.2004,16.6483,1.2612,0.1847,0.4098,True
722,754,Yazd,Iran,admin1,Asia,1.0,13.212,16.3578,1.2381,0.2287,0.2341,True
723,676,Khenchela,Algeria,admin1,Africa,0.4,13.2325,19.5404,1.4767,0.2046,0.2276,True
724,664,Aïn Defla,Algeria,admin1,Africa,0.6,13.3185,19.7367,1.4819,0.2059,0.1281,True
725,568,Hebei,China,admin1,Asia,0.85,13.5553,17.3047,1.2766,0.1734,0.2354,True
726,334,Khuzestan,Iran,admin1,Asia,0.9,13.6235,16.8713,1.2384,0.2218,0.22,True
727,747,Esfahan,Iran,admin1,Asia,0.95,13.6373,17.1857,1.2602,0.2245,0.1825,True
728,625,Qazvin,Iran,admin1,Asia,0.8,13.8559,17.6801,1.276,0.2073,0.2013,True
729,332,Kermanshah,Iran,admin1,Asia,0.75,13.9654,18.4999,1.3247,0.2199,0.1467,True
730,746,Markazi,Iran,admin1,Asia,0.85,14.0204,18.106,1.2914,0.215,0.1857,True
731,563,Nunavut,Canada,admin1,North America,0.0,14.0566,17.5398,1.2478,0.0989,0.385,True
732,397,South Khorasan,Iran,admin1,Asia,0.95,14.0768,17.382,1.2348,0.2324,0.3733,True
733,313,Ardebil,Iran,admin1,Asia,0.55,14.2194,19.947,1.4028,0.1835,0.168,True
734,757,Alborz,Iran,admin1,Asia,0.7,14.2574,18.5917,1.304,0.2066,0.1588,True
735,756,Tehran,Iran,admin1,Asia,0.8,14.278,18.4243,1.2904,0.2119,0.1675,True
736,445,Yukon,Canada,admin1,North America,0.2,14.3691,38.9919,2.7136,0.1136,0.0954,True
737,450,Naâma,Algeria,admin1,Africa,0.85,14.4821,19.002,1.3121,0.2165,0.2586,True
738,752,Hamadan,Iran,admin1,Asia,0.85,14.4993,18.3894,1.2683,0.2152,0.1725,True
739,115,Afghanistan,Afghanistan,admin0,Asia,0.9,14.525,18.0081,1.2398,0.2244,0.2451,True
740,623,Semnan,Iran,admin1,Asia,0.9,14.5573,18.463,1.2683,0.2104,0.2947,True
741,624,Zanjan,Iran,admin1,Asia,0.85,14.6598,18.5564,1.2658,0.2062,0.1897,True
742,333,Ilam,Iran,admin1,Asia,0.8,14.7765,18.9686,1.2837,0.2203,0.2125,True
743,584,Sakha (Yakutia),Russia,admin1,Europe,0.0,15.1412,21.6897,1.4325,0.1105,0.1448,True
744,243,Xinjiang,China,admin1,Asia,1.0,15.1463,18.992,1.2539,0.188,0.22,True
745,396,Razavi Khorasan,Iran,admin1,Asia,0.75,15.6216,19.8145,1.2684,0.2123,0.2908,True
746,319,Uvs,Mongolia,admin1,Asia,0.45,15.6449,25.1586,1.6081,0.1607,0.1065,True
747,15,Syria,Syria,admin0,Asia,0.85,15.7856,20.0083,1.2675,0.2154,0.3006,True
748,331,Kordestan,Iran,admin1,Asia,0.8,15.8387,20.2941,1.2813,0.2138,0.1696,True
749,325,Amur,Russia,admin1,Europe,0.4,16.027,22.3528,1.3947,0.1389,0.119,True
750,720,Töv,Mongolia,admin1,Asia,1.0,16.111,21.6725,1.3452,0.1638,0.2707,True
751,60,Armenia,Armenia,admin0,Asia,0.9,16.3628,21.4598,1.3115,0.1768,0.0498,True
752,285,West Azarbaijan,Iran,admin1,Asia,0.9,16.4404,21.2048,1.2898,0.2002,0.1248,True
753,736,Ulaanbaatar,Mongolia,admin1,Asia,1.0,16.4511,22.2336,1.3515,0.1627,0.202,True
754,312,East Azarbaijan,Iran,admin1,Asia,0.8,16.5013,20.8478,1.2634,0.2005,0.1756,True
755,323,Hentiy,Mongolia,admin1,Asia,0.95,16.899,21.9112,1.2966,0.1622,0.2329,True
756,768,Almaty City,Kazakhstan,admin1,Asia,0.9,16.9457,22.4513,1.3249,0.1608,0.1576,True
757,725,Govĭ-Sümber,Mongolia,admin1,Asia,0.95,17.1919,22.8051,1.3265,0.1656,0.2281,True
758,261,Bayanhongor,Mongolia,admin1,Asia,1.0,17.2165,22.0629,1.2815,0.1856,0.3022,True
759,56,Turkey,Turkey,admin0,Asia,0.9,17.3196,21.9838,1.2693,0.1908,0.1535,True
760,259,Govi-Altay,Mongolia,admin1,Asia,0.4,17.5214,21.8912,1.2494,0.1865,0.3147,True
761,719,Darhan-Uul,Mongolia,admin1,Asia,0.9,17.8266,24.0784,1.3507,0.1491,0.203,True
762,318,Bulgan,Mongolia,admin1,Asia,1.0,18.332,24.3394,1.3277,0.1572,0.1503,True
763,722,Orhon,Mongolia,admin1,Asia,1.0,18.3991,24.3825,1.3252,0.1552,0.1843,True
764,320,Selenge,Mongolia,admin1,Asia,1.0,18.4925,24.5895,1.3297,0.1504,0.1531,True
765,256,Hovd,Mongolia,admin1,Asia,1.0,18.8565,24.6983,1.3098,0.174,0.1998,True
766,322,Dzavhan,Mongolia,admin1,Asia,1.0,18.9843,25.4332,1.3397,0.167,0.1707,True
767,316,Hövsgöl,Mongolia,admin1,Asia,0.95,20.2383,26.1458,1.2919,0.1566,0.1002,True
768,321,Chita,Russia,admin1,Europe,0.9,21.0766,27.4501,1.3024,0.1419,0.1322,True
769,317,Tuva,Russia,admin1,Europe,0.95,21.6636,28.4985,1.3155,0.1451,0.0537,True
770,315,Buryat,Russia,admin1,Europe,0.85,21.7236,28.2798,1.3018,0.1362,0.1032,True
